event_id,service_id,host_id,env,event_type,occurred_at
evt_00001,svc_worker,host_c,dev,request,2026-02-12T14:14:02.875Z
evt_00002,svc_api,host_a,dev,request,2026-07-13T07:17:29.506Z
evt_00003,svc_api,host_c,dev,request,2026-02-19T15:19:01.866Z
evt_00004,svc_api,host_a,staging,request,2026-03-21T12:07:59.975Z
evt_00005,svc_web,host_a,prod,request,2026-05-05T12:10:13.931Z
evt_00006,svc_db,host_a,staging,request,2026-01-13T16:20:35.174Z
evt_00007,svc_web,host_a,prod,error,2026-09-21T14:49:15.890Z
evt_00008,svc_db,host_a,prod,request,2026-05-01T03:52:44.900Z
evt_00009,svc_api,host_b,prod,error,2026-03-12T15:31:35.181Z
evt_00010,svc_web,host_a,staging,request,2026-02-20T11:09:59.013Z
evt_00011,svc_db,host_c,dev,error,2026-06-13T05:26:26.380Z
evt_00012,svc_db,host_a,prod,request,2026-03-30T19:33:51.577Z
evt_00013,svc_worker,host_a,dev,request,2026-03-18T16:40:58.466Z
evt_00014,svc_web,host_a,dev,request,2026-09-27T10:04:59.550Z
evt_00015,svc_db,host_a,prod,request,2026-07-12T23:19:45.540Z
evt_00016,svc_web,host_c,prod,request,2026-02-01T15:10:26.680Z
evt_00017,svc_db,host_b,prod,request,2026-03-26T21:33:22.218Z
evt_00018,svc_worker,host_c,staging,error,2026-05-09T21:57:07.882Z
evt_00019,svc_api,host_c,dev,request,2026-07-30T11:22:37.067Z
evt_00020,svc_worker,host_b,staging,request,2026-01-30T10:54:16.666Z
evt_00021,svc_api,host_b,prod,request,2026-09-05T18:22:31.933Z
evt_00022,svc_api,host_b,dev,request,2026-01-22T00:22:20.529Z
evt_00023,svc_worker,host_a,dev,request,2026-06-22T22:03:41.085Z
evt_00024,svc_db,host_c,prod,error,2026-05-28T05:46:13.328Z
evt_00025,svc_db,host_c,prod,request,2026-03-04T05:25:52.265Z
evt_00026,svc_worker,host_c,dev,request,2026-05-20T10:24:58.775Z
evt_00027,svc_worker,host_a,prod,request,2026-09-15T09:56:39.768Z
evt_00028,svc_worker,host_b,dev,request,2026-09-23T07:06:58.341Z
evt_00029,svc_db,host_a,staging,request,2026-03-19T18:16:29.708Z
evt_00030,svc_api,host_b,staging,request,2026-03-18T01:41:29.881Z
evt_00031,svc_db,host_a,prod,request,2026-09-27T01:58:54.391Z
evt_00032,svc_api,host_c,dev,request,2026-07-18T19:16:24.657Z
evt_00033,svc_worker,host_b,staging,request,2026-01-25T15:34:42.864Z
evt_00034,svc_db,host_a,prod,request,2026-06-11T07:31:50.029Z
evt_00035,svc_web,host_a,staging,request,2026-06-26T03:10:19.641Z
evt_00036,svc_api,host_c,staging,error,2026-02-07T13:02:14.013Z
evt_00037,svc_worker,host_a,dev,error,2026-03-12T10:02:00.761Z
evt_00038,svc_web,host_c,staging,request,2026-03-08T00:36:58.355Z
evt_00039,svc_api,host_c,dev,request,2026-04-03T13:19:23.487Z
evt_00040,svc_worker,host_c,dev,error,2026-08-01T21:44:40.475Z
evt_00041,svc_web,host_a,prod,error,2026-06-15T13:19:23.516Z
evt_00042,svc_api,host_a,staging,request,2026-02-13T21:36:51.670Z
evt_00043,svc_web,host_c,staging,request,2026-07-14T10:11:53.729Z
evt_00044,svc_api,host_a,dev,request,2026-08-20T20:06:42.428Z
evt_00045,svc_web,host_b,prod,request,2026-03-14T09:36:21.286Z
evt_00046,svc_api,host_c,staging,error,2026-06-22T07:13:12.999Z
evt_00047,svc_db,host_b,staging,request,2026-02-23T07:13:55.401Z
evt_00048,svc_web,host_a,prod,request,2026-02-18T08:25:45.017Z
evt_00049,svc_db,host_c,dev,request,2026-01-05T05:16:18.305Z
evt_00050,svc_db,host_b,dev,alert,2026-08-21T20:55:04.627Z
evt_00051,svc_worker,host_b,dev,request,2026-02-16T06:30:59.314Z
evt_00052,svc_web,host_c,dev,request,2026-01-27T12:42:01.393Z
evt_00053,svc_web,host_c,prod,request,2026-08-28T12:32:54.122Z
evt_00054,svc_web,host_c,dev,request,2026-03-22T03:36:49.549Z
evt_00055,svc_db,host_c,dev,error,2026-05-20T14:18:55.430Z
evt_00056,svc_web,host_c,staging,request,2026-08-06T06:02:00.852Z
evt_00057,svc_db,host_b,staging,request,2026-06-07T20:53:29.341Z
evt_00058,svc_api,host_b,staging,request,2026-06-11T07:08:22.283Z
evt_00059,svc_api,host_a,dev,request,2026-02-04T16:30:01.724Z
evt_00060,svc_web,host_c,prod,request,2026-01-24T07:11:47.726Z
evt_00061,svc_api,host_b,staging,request,2026-07-18T05:21:01.506Z
evt_00062,svc_db,host_b,prod,request,2026-03-15T22:29:34.476Z
evt_00063,svc_worker,host_a,prod,alert,2026-08-17T05:20:30.298Z
evt_00064,svc_web,host_b,prod,request,2026-03-10T07:35:29.287Z
evt_00065,svc_web,host_c,staging,request,2026-09-18T16:16:38.348Z
evt_00066,svc_web,host_b,staging,request,2026-03-09T15:08:00.395Z
evt_00067,svc_worker,host_c,prod,request,2026-01-13T13:24:33.517Z
evt_00068,svc_api,host_c,dev,request,2026-01-27T17:00:33.914Z
evt_00069,svc_worker,host_b,prod,request,2026-04-19T19:00:10.871Z
evt_00070,svc_web,host_b,prod,request,2026-06-20T20:38:03.003Z
evt_00071,svc_web,host_c,staging,request,2026-01-20T06:21:59.158Z
evt_00072,svc_web,host_a,staging,error,2026-06-07T02:30:24.528Z
evt_00073,svc_worker,host_b,staging,request,2026-09-15T00:28:38.737Z
evt_00074,svc_worker,host_c,dev,request,2026-01-19T22:27:18.876Z
evt_00075,svc_api,host_a,prod,request,2026-01-20T10:25:40.888Z
evt_00076,svc_worker,host_c,prod,request,2026-03-18T22:42:44.943Z
evt_00077,svc_api,host_c,staging,error,2026-07-20T16:11:07.724Z
evt_00078,svc_db,host_a,prod,request,2026-08-09T06:22:52.362Z
evt_00079,svc_db,host_b,staging,request,2026-04-04T00:56:41.264Z
evt_00080,svc_db,host_c,staging,request,2026-07-25T23:45:53.679Z
evt_00081,svc_api,host_c,staging,error,2026-03-29T08:57:53.949Z
evt_00082,svc_db,host_b,prod,error,2026-01-25T22:06:37.102Z
evt_00083,svc_worker,host_c,dev,request,2026-06-22T11:47:50.690Z
evt_00084,svc_worker,host_a,prod,request,2026-07-25T09:33:28.500Z
evt_00085,svc_db,host_c,prod,request,2026-01-16T17:07:29.984Z
evt_00086,svc_web,host_b,dev,request,2026-02-01T23:01:23.129Z
evt_00087,svc_api,host_c,staging,request,2026-01-23T23:04:04.057Z
evt_00088,svc_web,host_a,dev,request,2026-01-23T04:59:49.958Z
evt_00089,svc_api,host_c,staging,request,2026-08-10T21:27:45.952Z
evt_00090,svc_db,host_c,dev,request,2026-01-23T19:05:48.104Z
evt_00091,svc_db,host_b,staging,error,2026-01-31T08:33:57.254Z
evt_00092,svc_worker,host_a,staging,request,2026-02-02T10:29:41.954Z
evt_00093,svc_api,host_b,dev,request,2026-09-20T16:09:16.335Z
evt_00094,svc_worker,host_a,dev,request,2026-09-20T23:02:02.682Z
evt_00095,svc_api,host_c,prod,error,2026-05-25T01:29:51.600Z
evt_00096,svc_db,host_a,staging,alert,2026-05-23T19:20:13.470Z
evt_00097,svc_web,host_c,staging,request,2026-06-09T12:25:38.538Z
evt_00098,svc_db,host_a,prod,error,2026-09-01T01:00:29.923Z
evt_00099,svc_worker,host_b,prod,request,2026-05-07T14:09:07.017Z
evt_00100,svc_worker,host_b,prod,alert,2026-09-27T05:39:10.072Z
evt_00101,svc_web,host_b,prod,request,2026-07-06T22:21:31.113Z
evt_00102,svc_api,host_c,dev,error,2026-07-18T02:54:51.188Z
evt_00103,svc_web,host_b,dev,error,2026-01-13T08:16:21.815Z
evt_00104,svc_api,host_b,dev,alert,2026-02-11T01:31:53.293Z
evt_00105,svc_web,host_b,dev,error,2026-08-17T20:43:46.823Z
evt_00106,svc_worker,host_b,prod,request,2026-08-25T01:39:39.633Z
evt_00107,svc_db,host_c,dev,request,2026-07-29T22:24:19.959Z
evt_00108,svc_db,host_c,prod,request,2026-02-05T06:15:08.957Z
evt_00109,svc_db,host_b,prod,request,2026-06-18T17:58:34.433Z
evt_00110,svc_worker,host_a,dev,request,2026-07-30T20:13:48.369Z
evt_00111,svc_web,host_c,staging,request,2026-08-28T07:50:03.856Z
evt_00112,svc_worker,host_a,prod,request,2026-06-19T08:16:05.449Z
evt_00113,svc_web,host_a,prod,request,2026-04-06T17:02:58.867Z
evt_00114,svc_web,host_b,staging,error,2026-04-06T01:46:11.351Z
evt_00115,svc_web,host_c,staging,request,2026-08-24T10:12:25.270Z
evt_00116,svc_db,host_a,dev,request,2026-03-12T12:01:02.035Z
evt_00117,svc_worker,host_c,staging,request,2026-06-22T22:02:32.630Z
evt_00118,svc_api,host_a,prod,request,2026-02-11T11:15:59.212Z
evt_00119,svc_api,host_b,prod,request,2026-09-02T19:45:27.582Z
evt_00120,svc_worker,host_c,prod,request,2026-01-12T03:46:16.225Z
evt_00121,svc_api,host_a,prod,request,2026-02-02T22:24:22.418Z
evt_00122,svc_worker,host_a,staging,request,2026-07-08T11:28:00.901Z
evt_00123,svc_api,host_c,staging,request,2026-08-27T11:41:13.722Z
evt_00124,svc_db,host_a,prod,request,2026-07-24T06:35:50.969Z
evt_00125,svc_api,host_a,staging,request,2026-06-18T18:48:18.947Z
evt_00126,svc_worker,host_b,dev,request,2026-03-10T21:58:00.693Z
evt_00127,svc_web,host_c,staging,request,2026-01-30T06:11:27.665Z
evt_00128,svc_worker,host_b,prod,request,2026-04-13T23:57:57.011Z
evt_00129,svc_api,host_a,prod,request,2026-02-02T16:40:53.355Z
evt_00130,svc_db,host_b,dev,request,2026-05-17T01:47:35.834Z
evt_00131,svc_api,host_b,staging,request,2026-04-28T20:14:00.048Z
evt_00132,svc_api,host_a,staging,request,2026-06-05T19:44:22.027Z
evt_00133,svc_worker,host_c,staging,request,2026-01-28T18:52:43.538Z
evt_00134,svc_api,host_a,prod,request,2026-03-19T19:56:36.763Z
evt_00135,svc_api,host_c,prod,request,2026-04-23T00:55:12.037Z
evt_00136,svc_db,host_a,staging,alert,2026-08-25T06:48:09.679Z
evt_00137,svc_db,host_a,prod,request,2026-09-11T17:16:17.330Z
evt_00138,svc_web,host_b,prod,request,2026-02-21T01:30:38.305Z
evt_00139,svc_worker,host_b,staging,request,2026-02-01T08:24:39.152Z
evt_00140,svc_web,host_a,staging,request,2026-05-12T08:25:47.810Z
evt_00141,svc_web,host_a,staging,request,2026-01-18T07:13:58.103Z
evt_00142,svc_db,host_a,dev,request,2026-07-06T01:12:21.009Z
evt_00143,svc_db,host_b,staging,request,2026-04-06T05:47:05.576Z
evt_00144,svc_db,host_c,dev,request,2026-07-19T12:38:37.311Z
evt_00145,svc_db,host_a,prod,request,2026-06-06T19:56:52.215Z
evt_00146,svc_db,host_a,dev,request,2026-02-14T16:16:25.455Z
evt_00147,svc_api,host_c,staging,request,2026-04-08T23:03:26.395Z
evt_00148,svc_db,host_b,dev,request,2026-04-13T21:44:23.645Z
evt_00149,svc_worker,host_a,dev,request,2026-03-05T09:27:27.282Z
evt_00150,svc_db,host_b,staging,error,2026-06-20T10:00:26.457Z
evt_00151,svc_api,host_c,staging,request,2026-02-08T00:30:38.232Z
evt_00152,svc_db,host_b,staging,error,2026-08-04T06:53:20.140Z
evt_00153,svc_api,host_a,prod,request,2026-01-10T03:42:16.244Z
evt_00154,svc_web,host_c,dev,request,2026-08-13T04:52:40.296Z
evt_00155,svc_api,host_c,prod,request,2026-08-06T15:52:45.251Z
evt_00156,svc_api,host_a,dev,request,2026-06-25T00:47:57.446Z
evt_00157,svc_web,host_b,prod,request,2026-02-19T13:49:41.665Z
evt_00158,svc_db,host_b,staging,request,2026-09-16T14:36:01.588Z
evt_00159,svc_api,host_b,staging,request,2026-01-05T22:39:28.527Z
evt_00160,svc_db,host_c,staging,request,2026-09-09T20:12:57.403Z
evt_00161,svc_web,host_a,staging,request,2026-04-26T18:54:14.970Z
evt_00162,svc_web,host_c,dev,request,2026-01-31T21:56:08.434Z
evt_00163,svc_db,host_c,prod,error,2026-08-26T11:33:39.471Z
evt_00164,svc_web,host_b,staging,request,2026-04-02T12:12:44.378Z
evt_00165,svc_db,host_a,staging,request,2026-05-27T17:00:57.565Z
evt_00166,svc_db,host_b,staging,request,2026-05-04T10:55:55.015Z
evt_00167,svc_api,host_b,prod,request,2026-05-17T01:18:20.329Z
evt_00168,svc_worker,host_c,staging,request,2026-06-22T14:35:44.212Z
evt_00169,svc_api,host_b,prod,alert,2026-02-10T14:02:17.492Z
evt_00170,svc_worker,host_a,dev,request,2026-06-12T12:57:45.480Z
evt_00171,svc_api,host_c,prod,error,2026-02-26T00:04:29.727Z
evt_00172,svc_api,host_a,staging,request,2026-01-18T22:31:22.819Z
evt_00173,svc_db,host_b,staging,request,2026-04-20T09:47:58.469Z
evt_00174,svc_web,host_a,prod,error,2026-09-16T06:56:54.628Z
evt_00175,svc_worker,host_a,staging,request,2026-01-07T22:19:53.048Z
evt_00176,svc_api,host_c,staging,request,2026-03-02T14:21:41.777Z
evt_00177,svc_api,host_c,prod,request,2026-08-07T09:03:00.688Z
evt_00178,svc_api,host_b,prod,request,2026-03-08T09:15:51.103Z
evt_00179,svc_web,host_c,dev,request,2026-07-02T09:17:37.733Z
evt_00180,svc_api,host_a,dev,request,2026-01-24T08:15:06.818Z
evt_00181,svc_api,host_a,prod,request,2026-04-26T01:10:25.159Z
evt_00182,svc_db,host_c,staging,request,2026-04-14T15:44:40.769Z
evt_00183,svc_web,host_a,staging,request,2026-05-31T17:00:47.264Z
evt_00184,svc_worker,host_a,dev,request,2026-02-08T06:01:17.499Z
evt_00185,svc_db,host_b,dev,request,2026-04-27T01:59:55.972Z
evt_00186,svc_api,host_a,staging,request,2026-03-12T09:40:48.413Z
evt_00187,svc_api,host_c,dev,request,2026-02-16T20:50:33.651Z
evt_00188,svc_worker,host_a,dev,request,2026-06-07T09:20:09.411Z
evt_00189,svc_worker,host_b,staging,error,2026-02-26T08:28:19.821Z
evt_00190,svc_api,host_a,dev,error,2026-06-13T02:15:02.323Z
evt_00191,svc_web,host_b,prod,error,2026-04-25T07:47:04.124Z
evt_00192,svc_worker,host_b,prod,request,2026-07-21T11:35:46.517Z
evt_00193,svc_api,host_b,prod,request,2026-03-20T19:31:16.907Z
evt_00194,svc_worker,host_c,prod,request,2026-05-10T23:04:56.046Z
evt_00195,svc_web,host_c,dev,request,2026-01-09T12:18:42.843Z
evt_00196,svc_worker,host_b,prod,request,2026-06-12T22:30:51.645Z
evt_00197,svc_worker,host_c,prod,request,2026-07-18T19:05:33.830Z
evt_00198,svc_worker,host_c,staging,request,2026-08-12T14:45:30.187Z
evt_00199,svc_db,host_c,prod,request,2026-04-09T13:06:03.501Z
evt_00200,svc_api,host_c,prod,error,2026-05-02T18:13:47.367Z
evt_00201,svc_api,host_b,dev,request,2026-08-09T04:35:19.106Z
evt_00202,svc_web,host_c,dev,request,2026-05-14T14:42:44.502Z
evt_00203,svc_api,host_c,dev,request,2026-07-12T14:55:42.709Z
evt_00204,svc_db,host_a,staging,error,2026-01-10T06:24:50.586Z
evt_00205,svc_web,host_a,dev,alert,2026-09-15T18:50:02.532Z
evt_00206,svc_worker,host_c,dev,request,2026-08-15T07:03:15.071Z
evt_00207,svc_api,host_b,prod,request,2026-01-22T00:11:50.557Z
evt_00208,svc_web,host_b,dev,request,2026-03-28T01:46:56.256Z
evt_00209,svc_web,host_c,prod,request,2026-08-30T20:55:34.343Z
evt_00210,svc_web,host_a,prod,error,2026-01-06T19:21:25.847Z
evt_00211,svc_db,host_b,dev,request,2026-09-30T10:27:51.451Z
evt_00212,svc_worker,host_c,staging,request,2026-06-21T07:24:56.862Z
evt_00213,svc_db,host_c,dev,request,2026-04-26T00:43:51.884Z
evt_00214,svc_web,host_a,prod,request,2026-03-20T09:59:23.543Z
evt_00215,svc_worker,host_a,prod,request,2026-09-27T15:33:25.551Z
evt_00216,svc_worker,host_b,dev,request,2026-09-17T08:08:44.438Z
evt_00217,svc_db,host_a,staging,error,2026-09-15T21:53:03.156Z
evt_00218,svc_worker,host_b,prod,alert,2026-03-05T05:54:46.754Z
evt_00219,svc_db,host_b,staging,request,2026-03-04T23:20:54.982Z
evt_00220,svc_api,host_a,prod,request,2026-04-06T14:01:14.513Z
evt_00221,svc_api,host_c,dev,error,2026-09-29T14:38:09.794Z
evt_00222,svc_api,host_b,dev,request,2026-02-12T00:19:33.522Z
evt_00223,svc_db,host_a,prod,request,2026-06-11T20:56:32.831Z
evt_00224,svc_web,host_a,dev,request,2026-02-05T08:34:54.351Z
evt_00225,svc_db,host_c,dev,request,2026-06-28T21:08:43.645Z
evt_00226,svc_web,host_a,staging,request,2026-03-12T21:54:24.448Z
evt_00227,svc_web,host_b,prod,request,2026-07-06T12:42:41.110Z
evt_00228,svc_api,host_c,staging,request,2026-06-11T17:27:20.898Z
evt_00229,svc_db,host_b,dev,request,2026-03-14T21:34:09.214Z
evt_00230,svc_db,host_c,staging,error,2026-08-25T18:30:41.776Z
evt_00231,svc_web,host_c,dev,request,2026-06-18T21:08:30.300Z
evt_00232,svc_db,host_a,dev,error,2026-01-08T23:37:41.514Z
evt_00233,svc_db,host_a,staging,request,2026-02-13T21:17:55.820Z
evt_00234,svc_db,host_c,staging,request,2026-03-20T08:40:25.854Z
evt_00235,svc_web,host_c,staging,request,2026-06-23T02:00:19.320Z
evt_00236,svc_web,host_c,prod,request,2026-05-28T18:22:43.044Z
evt_00237,svc_db,host_b,staging,error,2026-01-28T23:38:37.456Z
evt_00238,svc_db,host_c,prod,request,2026-07-13T07:56:36.689Z
evt_00239,svc_api,host_b,staging,request,2026-01-13T11:42:06.499Z
evt_00240,svc_db,host_c,dev,request,2026-02-05T12:19:30.163Z
evt_00241,svc_db,host_a,prod,request,2026-05-14T09:35:24.660Z
evt_00242,svc_db,host_c,staging,request,2026-09-30T05:09:35.010Z
evt_00243,svc_worker,host_b,prod,request,2026-07-09T09:00:21.395Z
evt_00244,svc_api,host_a,dev,request,2026-03-16T14:23:47.115Z
evt_00245,svc_db,host_a,staging,error,2026-04-25T14:03:12.169Z
evt_00246,svc_web,host_b,prod,alert,2026-04-22T17:57:23.073Z
evt_00247,svc_db,host_a,prod,request,2026-06-27T21:43:15.743Z
evt_00248,svc_worker,host_c,staging,alert,2026-02-20T15:33:47.443Z
evt_00249,svc_db,host_c,dev,error,2026-07-27T18:13:45.079Z
evt_00250,svc_web,host_a,prod,error,2026-06-18T08:17:34.298Z
evt_00251,svc_db,host_b,prod,request,2026-07-07T03:49:25.542Z
evt_00252,svc_worker,host_a,staging,request,2026-06-08T21:04:35.851Z
evt_00253,svc_worker,host_c,prod,request,2026-01-04T04:08:15.998Z
evt_00254,svc_api,host_b,staging,request,2026-03-21T14:58:23.576Z
evt_00255,svc_web,host_c,dev,request,2026-05-12T04:16:53.466Z
evt_00256,svc_api,host_a,dev,request,2026-05-17T04:42:54.653Z
evt_00257,svc_web,host_c,staging,request,2026-03-31T02:58:28.169Z
evt_00258,svc_web,host_a,staging,request,2026-01-22T10:50:46.728Z
evt_00259,svc_worker,host_a,staging,request,2026-08-07T13:26:38.589Z
evt_00260,svc_api,host_a,prod,request,2026-07-12T20:49:44.255Z
evt_00261,svc_api,host_c,prod,request,2026-07-13T13:45:52.284Z
evt_00262,svc_db,host_c,dev,request,2026-08-11T10:44:02.922Z
evt_00263,svc_api,host_c,staging,request,2026-05-04T11:35:21.840Z
evt_00264,svc_web,host_b,dev,request,2026-01-17T11:25:36.675Z
evt_00265,svc_api,host_a,dev,request,2026-09-24T09:52:08.962Z
evt_00266,svc_worker,host_a,dev,request,2026-05-17T00:10:42.003Z
evt_00267,svc_web,host_c,prod,alert,2026-09-24T02:50:41.274Z
evt_00268,svc_web,host_a,dev,request,2026-01-09T08:50:06.700Z
evt_00269,svc_worker,host_b,dev,request,2026-07-22T18:12:47.256Z
evt_00270,svc_worker,host_b,staging,alert,2026-01-11T22:47:43.519Z
evt_00271,svc_db,host_b,staging,request,2026-05-13T20:39:17.655Z
evt_00272,svc_db,host_c,staging,request,2026-06-11T17:04:45.670Z
evt_00273,svc_db,host_a,staging,request,2026-07-20T03:21:23.482Z
evt_00274,svc_api,host_c,dev,request,2026-03-06T20:23:01.913Z
evt_00275,svc_db,host_a,dev,request,2026-03-09T11:51:28.798Z
evt_00276,svc_db,host_b,staging,request,2026-06-11T21:00:50.322Z
evt_00277,svc_api,host_b,dev,request,2026-06-29T06:56:19.053Z
evt_00278,svc_worker,host_c,prod,alert,2026-05-04T21:13:44.670Z
evt_00279,svc_api,host_a,prod,request,2026-04-03T00:02:41.323Z
evt_00280,svc_db,host_b,prod,request,2026-07-12T22:48:15.570Z
evt_00281,svc_api,host_a,prod,request,2026-07-01T05:14:50.153Z
evt_00282,svc_worker,host_c,dev,request,2026-08-26T00:54:48.347Z
evt_00283,svc_api,host_a,prod,request,2026-05-26T00:13:21.890Z
evt_00284,svc_db,host_a,prod,request,2026-09-12T22:44:56.813Z
evt_00285,svc_worker,host_b,prod,request,2026-09-27T08:24:02.036Z
evt_00286,svc_db,host_a,dev,request,2026-08-25T22:36:02.396Z
evt_00287,svc_worker,host_b,staging,request,2026-02-08T02:59:42.076Z
evt_00288,svc_api,host_a,dev,request,2026-07-03T20:19:45.491Z
evt_00289,svc_db,host_a,dev,request,2026-08-26T00:04:04.982Z
evt_00290,svc_api,host_c,dev,error,2026-07-06T12:38:27.892Z
evt_00291,svc_worker,host_b,dev,request,2026-01-09T07:05:45.654Z
evt_00292,svc_db,host_c,dev,request,2026-06-29T21:01:03.363Z
evt_00293,svc_worker,host_b,prod,request,2026-09-30T20:09:31.432Z
evt_00294,svc_api,host_c,staging,error,2026-08-02T14:11:22.889Z
evt_00295,svc_web,host_c,dev,request,2026-03-31T06:43:16.588Z
evt_00296,svc_web,host_c,dev,request,2026-04-29T21:56:30.763Z
evt_00297,svc_db,host_a,staging,request,2026-03-30T14:41:10.887Z
evt_00298,svc_worker,host_b,dev,request,2026-05-03T11:50:26.215Z
evt_00299,svc_api,host_b,prod,request,2026-06-14T17:47:42.661Z
evt_00300,svc_web,host_b,staging,request,2026-08-24T16:33:43.459Z
evt_00301,svc_web,host_b,prod,request,2026-04-14T19:02:30.099Z
evt_00302,svc_worker,host_b,staging,request,2026-07-28T19:30:54.466Z
evt_00303,svc_db,host_c,dev,request,2026-02-23T10:44:14.503Z
evt_00304,svc_api,host_b,dev,request,2026-09-11T01:55:49.215Z
evt_00305,svc_api,host_c,staging,request,2026-05-13T15:25:54.358Z
evt_00306,svc_worker,host_a,prod,request,2026-05-28T04:35:04.865Z
evt_00307,svc_worker,host_b,dev,request,2026-04-23T21:34:25.367Z
evt_00308,svc_api,host_a,dev,request,2026-05-24T08:52:13.763Z
evt_00309,svc_web,host_a,staging,request,2026-09-20T21:05:48.791Z
evt_00310,svc_worker,host_c,staging,request,2026-06-22T20:24:28.126Z
evt_00311,svc_db,host_b,dev,error,2026-03-04T06:22:43.196Z
evt_00312,svc_api,host_b,staging,error,2026-09-03T16:57:05.416Z
evt_00313,svc_worker,host_a,dev,request,2026-08-13T13:46:08.453Z
evt_00314,svc_worker,host_c,prod,request,2026-05-04T07:58:54.591Z
evt_00315,svc_web,host_a,dev,error,2026-03-01T04:04:45.012Z
evt_00316,svc_api,host_a,staging,request,2026-05-30T05:57:41.213Z
evt_00317,svc_api,host_b,staging,request,2026-09-27T15:58:14.622Z
evt_00318,svc_api,host_c,staging,request,2026-07-15T21:42:02.018Z
evt_00319,svc_web,host_c,prod,request,2026-07-17T17:52:04.547Z
evt_00320,svc_web,host_a,prod,request,2026-09-02T02:44:18.998Z
evt_00321,svc_api,host_a,prod,request,2026-01-19T22:51:54.063Z
evt_00322,svc_web,host_a,dev,request,2026-05-28T10:09:29.032Z
evt_00323,svc_db,host_b,staging,request,2026-04-01T21:49:42.723Z
evt_00324,svc_web,host_c,staging,request,2026-07-19T11:13:19.715Z
evt_00325,svc_worker,host_a,staging,error,2026-02-17T20:35:05.561Z
evt_00326,svc_web,host_a,staging,request,2026-05-03T22:49:49.347Z
evt_00327,svc_db,host_b,staging,request,2026-09-11T02:52:08.663Z
evt_00328,svc_api,host_b,prod,alert,2026-09-11T01:42:37.230Z
evt_00329,svc_web,host_c,staging,request,2026-01-25T07:56:35.805Z
evt_00330,svc_db,host_a,dev,request,2026-07-13T11:41:42.934Z
evt_00331,svc_api,host_a,prod,request,2026-01-24T22:14:06.996Z
evt_00332,svc_db,host_b,prod,request,2026-05-03T02:04:15.763Z
evt_00333,svc_web,host_b,dev,request,2026-09-28T20:37:09.527Z
evt_00334,svc_db,host_a,dev,request,2026-08-12T03:55:49.764Z
evt_00335,svc_worker,host_c,dev,request,2026-08-04T16:16:45.907Z
evt_00336,svc_worker,host_a,staging,request,2026-07-09T17:19:10.324Z
evt_00337,svc_worker,host_c,staging,error,2026-02-06T04:18:05.960Z
evt_00338,svc_db,host_c,staging,request,2026-07-28T19:02:01.735Z
evt_00339,svc_api,host_b,staging,request,2026-04-11T08:05:07.925Z
evt_00340,svc_api,host_a,prod,alert,2026-05-31T00:31:03.069Z
evt_00341,svc_db,host_b,prod,request,2026-04-30T23:40:50.102Z
evt_00342,svc_api,host_b,prod,request,2026-06-27T12:07:03.206Z
evt_00343,svc_api,host_a,dev,request,2026-01-16T21:05:21.077Z
evt_00344,svc_db,host_a,dev,alert,2026-03-07T07:06:28.954Z
evt_00345,svc_api,host_a,prod,request,2026-07-08T23:02:27.998Z
evt_00346,svc_api,host_b,dev,request,2026-06-17T22:55:03.933Z
evt_00347,svc_worker,host_b,staging,request,2026-02-05T16:24:51.798Z
evt_00348,svc_db,host_b,prod,request,2026-04-24T01:22:41.298Z
evt_00349,svc_db,host_c,dev,request,2026-04-24T14:38:27.585Z
evt_00350,svc_worker,host_a,prod,request,2026-02-07T10:20:34.050Z
evt_00351,svc_web,host_a,prod,request,2026-09-24T09:55:29.431Z
evt_00352,svc_db,host_c,staging,request,2026-05-30T14:13:50.058Z
evt_00353,svc_worker,host_c,prod,request,2026-02-10T23:07:07.863Z
evt_00354,svc_worker,host_c,staging,request,2026-04-18T16:36:30.877Z
evt_00355,svc_worker,host_c,dev,error,2026-08-03T19:47:27.552Z
evt_00356,svc_worker,host_c,staging,request,2026-08-18T13:23:26.118Z
evt_00357,svc_api,host_c,staging,request,2026-06-30T00:05:12.833Z
evt_00358,svc_db,host_b,staging,request,2026-05-22T12:36:33.695Z
evt_00359,svc_api,host_c,staging,request,2026-01-12T09:02:27.041Z
evt_00360,svc_api,host_c,prod,request,2026-01-04T07:20:05.027Z
evt_00361,svc_db,host_c,staging,request,2026-04-06T11:15:20.020Z
evt_00362,svc_db,host_b,prod,request,2026-01-27T20:41:17.868Z
evt_00363,svc_web,host_c,prod,request,2026-01-23T10:23:19.555Z
evt_00364,svc_db,host_a,dev,request,2026-04-15T06:28:06.668Z
evt_00365,svc_api,host_a,staging,request,2026-06-25T18:51:38.409Z
evt_00366,svc_web,host_a,dev,request,2026-03-21T22:34:11.944Z
evt_00367,svc_db,host_b,staging,request,2026-08-10T14:42:56.345Z
evt_00368,svc_web,host_a,staging,error,2026-03-03T07:40:53.359Z
evt_00369,svc_worker,host_b,staging,request,2026-09-15T11:01:58.400Z
evt_00370,svc_api,host_a,prod,error,2026-06-26T07:21:08.800Z
evt_00371,svc_worker,host_c,dev,error,2026-09-08T20:48:23.934Z
evt_00372,svc_worker,host_c,staging,error,2026-07-18T21:04:15.300Z
evt_00373,svc_db,host_b,prod,request,2026-09-26T19:33:22.080Z
evt_00374,svc_db,host_a,prod,request,2026-07-18T04:37:13.332Z
evt_00375,svc_db,host_a,staging,error,2026-07-20T01:18:56.596Z
evt_00376,svc_web,host_b,staging,request,2026-06-04T06:01:26.749Z
evt_00377,svc_web,host_c,staging,request,2026-02-13T16:47:21.668Z
evt_00378,svc_worker,host_a,prod,request,2026-09-28T18:20:19.684Z
evt_00379,svc_api,host_b,dev,request,2026-06-01T12:54:59.716Z
evt_00380,svc_web,host_b,prod,request,2026-08-02T23:24:13.579Z
evt_00381,svc_web,host_a,dev,request,2026-07-23T14:02:51.880Z
evt_00382,svc_api,host_c,staging,request,2026-02-10T15:30:52.220Z
evt_00383,svc_worker,host_c,dev,request,2026-05-03T11:17:48.674Z
evt_00384,svc_web,host_c,staging,request,2026-04-23T15:29:53.884Z
evt_00385,svc_web,host_a,staging,request,2026-08-05T19:34:51.292Z
evt_00386,svc_api,host_b,staging,request,2026-01-18T16:55:14.703Z
evt_00387,svc_web,host_b,staging,request,2026-07-04T16:13:04.528Z
evt_00388,svc_db,host_a,dev,request,2026-01-22T00:53:09.041Z
evt_00389,svc_api,host_b,dev,request,2026-08-04T07:00:18.894Z
evt_00390,svc_web,host_b,prod,request,2026-04-29T11:41:41.593Z
evt_00391,svc_api,host_a,staging,request,2026-09-30T13:10:22.420Z
evt_00392,svc_db,host_b,staging,request,2026-08-03T11:35:21.845Z
evt_00393,svc_api,host_b,dev,request,2026-06-06T02:54:25.635Z
evt_00394,svc_web,host_a,staging,request,2026-01-08T03:38:27.003Z
evt_00395,svc_api,host_c,prod,request,2026-03-23T13:14:59.849Z
evt_00396,svc_db,host_a,staging,error,2026-08-18T20:20:55.426Z
evt_00397,svc_api,host_c,staging,request,2026-02-06T10:33:38.805Z
evt_00398,svc_api,host_c,staging,request,2026-07-19T03:44:16.490Z
evt_00399,svc_db,host_a,staging,request,2026-07-25T03:00:34.429Z
evt_00400,svc_web,host_c,prod,request,2026-03-19T00:53:22.968Z
evt_00401,svc_worker,host_a,dev,request,2026-03-16T05:48:52.580Z
evt_00402,svc_db,host_b,dev,request,2026-05-14T02:33:59.259Z
evt_00403,svc_api,host_a,dev,request,2026-05-26T08:25:13.116Z
evt_00404,svc_worker,host_b,dev,request,2026-07-01T05:09:00.085Z
evt_00405,svc_db,host_b,dev,request,2026-04-25T07:56:01.775Z
evt_00406,svc_worker,host_c,dev,request,2026-06-28T14:09:07.159Z
evt_00407,svc_api,host_b,staging,alert,2026-06-16T03:04:14.486Z
evt_00408,svc_worker,host_a,prod,request,2026-03-10T12:20:00.834Z
evt_00409,svc_db,host_b,staging,request,2026-08-23T19:38:06.974Z
evt_00410,svc_web,host_a,dev,request,2026-01-23T07:27:52.075Z
evt_00411,svc_worker,host_b,prod,error,2026-08-21T01:02:19.082Z
evt_00412,svc_web,host_b,staging,request,2026-05-29T21:40:10.590Z
evt_00413,svc_api,host_b,dev,request,2026-01-15T04:25:10.186Z
evt_00414,svc_db,host_a,prod,request,2026-04-01T03:34:08.778Z
evt_00415,svc_db,host_b,prod,error,2026-08-29T03:01:13.129Z
evt_00416,svc_db,host_a,staging,alert,2026-07-30T18:13:32.681Z
evt_00417,svc_api,host_a,staging,error,2026-05-28T01:34:27.048Z
evt_00418,svc_worker,host_a,staging,error,2026-04-14T20:30:42.801Z
evt_00419,svc_db,host_c,prod,request,2026-03-20T09:19:40.444Z
evt_00420,svc_db,host_b,staging,request,2026-04-19T02:23:54.732Z
evt_00421,svc_db,host_b,prod,request,2026-08-05T13:26:54.125Z
evt_00422,svc_worker,host_c,dev,request,2026-09-26T12:01:57.681Z
evt_00423,svc_api,host_a,prod,error,2026-06-28T14:55:29.290Z
evt_00424,svc_api,host_b,staging,request,2026-08-29T21:35:31.364Z
evt_00425,svc_db,host_b,dev,request,2026-09-26T15:53:26.917Z
evt_00426,svc_web,host_b,prod,error,2026-04-27T16:54:44.766Z
evt_00427,svc_api,host_a,staging,request,2026-07-16T09:12:17.761Z
evt_00428,svc_db,host_a,dev,request,2026-08-23T06:46:33.788Z
evt_00429,svc_db,host_b,dev,request,2026-05-09T15:05:31.465Z
evt_00430,svc_db,host_b,staging,request,2026-08-15T02:41:20.767Z
evt_00431,svc_worker,host_a,dev,error,2026-01-28T11:22:36.333Z
evt_00432,svc_api,host_a,staging,request,2026-07-24T10:18:36.575Z
evt_00433,svc_web,host_b,staging,error,2026-05-09T15:52:24.674Z
evt_00434,svc_db,host_b,prod,request,2026-03-30T18:04:53.432Z
evt_00435,svc_web,host_a,prod,error,2026-03-04T00:28:49.647Z
evt_00436,svc_db,host_a,staging,request,2026-05-20T22:54:50.193Z
evt_00437,svc_worker,host_a,prod,request,2026-06-28T07:31:21.372Z
evt_00438,svc_db,host_c,dev,request,2026-07-01T12:58:51.915Z
evt_00439,svc_worker,host_c,dev,request,2026-01-31T07:12:10.808Z
evt_00440,svc_worker,host_b,dev,request,2026-04-14T20:23:03.828Z
evt_00441,svc_db,host_a,staging,request,2026-07-21T23:51:06.477Z
evt_00442,svc_db,host_a,dev,request,2026-09-06T15:21:57.956Z
evt_00443,svc_db,host_c,prod,alert,2026-07-18T09:08:54.024Z
evt_00444,svc_worker,host_c,prod,error,2026-01-31T17:37:36.184Z
evt_00445,svc_web,host_b,prod,request,2026-01-04T09:16:16.484Z
evt_00446,svc_worker,host_a,staging,request,2026-03-23T21:04:12.066Z
evt_00447,svc_web,host_a,dev,error,2026-07-02T07:27:22.624Z
evt_00448,svc_web,host_c,prod,request,2026-03-07T09:16:14.279Z
evt_00449,svc_db,host_a,staging,alert,2026-08-22T14:31:14.904Z
evt_00450,svc_web,host_a,dev,request,2026-02-01T09:02:27.588Z
evt_00451,svc_api,host_c,dev,error,2026-08-28T23:04:11.116Z
evt_00452,svc_web,host_b,staging,request,2026-04-29T15:28:21.847Z
evt_00453,svc_db,host_b,dev,request,2026-06-15T17:39:03.311Z
evt_00454,svc_web,host_b,dev,request,2026-05-20T21:00:26.893Z
evt_00455,svc_api,host_b,staging,request,2026-09-17T11:52:46.043Z
evt_00456,svc_web,host_c,staging,request,2026-01-20T08:44:52.368Z
evt_00457,svc_worker,host_b,staging,request,2026-02-08T05:26:16.393Z
evt_00458,svc_worker,host_c,prod,request,2026-02-23T12:49:55.969Z
evt_00459,svc_web,host_a,prod,request,2026-01-02T12:04:26.385Z
evt_00460,svc_api,host_a,prod,request,2026-04-03T12:12:53.908Z
evt_00461,svc_db,host_b,staging,request,2026-09-12T08:51:01.331Z
evt_00462,svc_worker,host_a,staging,request,2026-04-05T05:54:07.313Z
evt_00463,svc_web,host_c,staging,request,2026-09-29T00:56:09.344Z
evt_00464,svc_api,host_a,staging,request,2026-04-23T05:00:36.306Z
evt_00465,svc_db,host_c,staging,request,2026-08-13T21:28:28.550Z
evt_00466,svc_db,host_c,prod,request,2026-01-14T23:02:20.469Z
evt_00467,svc_worker,host_a,staging,request,2026-02-01T06:07:22.816Z
evt_00468,svc_worker,host_b,staging,request,2026-04-25T08:56:45.316Z
evt_00469,svc_db,host_a,prod,request,2026-09-15T02:11:12.705Z
evt_00470,svc_web,host_c,staging,request,2026-01-03T18:22:46.263Z
evt_00471,svc_web,host_c,staging,error,2026-07-17T15:28:17.253Z
evt_00472,svc_api,host_c,prod,request,2026-02-08T19:16:56.766Z
evt_00473,svc_api,host_b,prod,request,2026-06-07T13:48:49.168Z
evt_00474,svc_api,host_a,staging,request,2026-07-19T01:32:40.885Z
evt_00475,svc_web,host_c,dev,request,2026-07-03T17:16:38.315Z
evt_00476,svc_worker,host_a,dev,request,2026-08-06T22:59:16.767Z
evt_00477,svc_db,host_c,dev,request,2026-03-29T01:12:55.417Z
evt_00478,svc_web,host_b,staging,request,2026-07-07T22:25:46.852Z
evt_00479,svc_worker,host_a,staging,request,2026-08-31T23:54:56.788Z
evt_00480,svc_worker,host_a,prod,request,2026-06-23T20:59:02.342Z
evt_00481,svc_worker,host_a,staging,request,2026-07-04T20:29:39.953Z
evt_00482,svc_web,host_b,prod,alert,2026-05-04T22:37:07.039Z
evt_00483,svc_web,host_a,staging,request,2026-05-18T23:44:30.957Z
evt_00484,svc_db,host_b,prod,request,2026-04-16T22:05:21.304Z
evt_00485,svc_api,host_a,dev,request,2026-03-20T23:07:54.285Z
evt_00486,svc_db,host_a,dev,request,2026-08-31T12:49:15.099Z
evt_00487,svc_web,host_c,dev,request,2026-09-20T09:21:34.921Z
evt_00488,svc_worker,host_b,staging,request,2026-02-12T01:57:29.962Z
evt_00489,svc_web,host_b,dev,error,2026-05-01T05:46:18.218Z
evt_00490,svc_worker,host_a,prod,request,2026-04-04T11:43:08.966Z
evt_00491,svc_worker,host_c,staging,request,2026-06-08T11:13:25.398Z
evt_00492,svc_api,host_b,staging,request,2026-04-20T16:27:16.926Z
evt_00493,svc_db,host_c,staging,request,2026-06-19T10:34:02.869Z
evt_00494,svc_api,host_b,prod,request,2026-05-29T05:53:49.466Z
evt_00495,svc_api,host_c,dev,request,2026-05-26T14:44:57.090Z
evt_00496,svc_db,host_a,dev,request,2026-08-05T19:40:05.739Z
evt_00497,svc_worker,host_c,dev,request,2026-05-07T07:27:02.031Z
evt_00498,svc_db,host_b,dev,request,2026-04-13T11:09:41.604Z
evt_00499,svc_worker,host_a,dev,request,2026-05-20T13:52:36.582Z
evt_00500,svc_worker,host_b,dev,alert,2026-04-22T06:29:30.244Z
